name,type,direction,description
smi_00,string,,Sampled molecule index 0 as a decoy
smi_01,string,,Sampled molecule index 1 as a decoy
smi_02,string,,Sampled molecule index 2 as a decoy
smi_03,string,,Sampled molecule index 3 as a decoy
smi_04,string,,Sampled molecule index 4 as a decoy
smi_05,string,,Sampled molecule index 5 as a decoy
smi_06,string,,Sampled molecule index 6 as a decoy
smi_07,string,,Sampled molecule index 7 as a decoy
smi_08,string,,Sampled molecule index 8 as a decoy
smi_09,string,,Sampled molecule index 9 as a decoy
smi_10,string,,Sampled molecule index 10 as a decoy
smi_11,string,,Sampled molecule index 11 as a decoy
smi_12,string,,Sampled molecule index 12 as a decoy
smi_13,string,,Sampled molecule index 13 as a decoy
smi_14,string,,Sampled molecule index 14 as a decoy
smi_15,string,,Sampled molecule index 15 as a decoy
smi_16,string,,Sampled molecule index 16 as a decoy
smi_17,string,,Sampled molecule index 17 as a decoy
smi_18,string,,Sampled molecule index 18 as a decoy
smi_19,string,,Sampled molecule index 19 as a decoy
smi_20,string,,Sampled molecule index 20 as a decoy
smi_21,string,,Sampled molecule index 21 as a decoy
smi_22,string,,Sampled molecule index 22 as a decoy
smi_23,string,,Sampled molecule index 23 as a decoy
smi_24,string,,Sampled molecule index 24 as a decoy
smi_25,string,,Sampled molecule index 25 as a decoy
smi_26,string,,Sampled molecule index 26 as a decoy
smi_27,string,,Sampled molecule index 27 as a decoy
smi_28,string,,Sampled molecule index 28 as a decoy
smi_29,string,,Sampled molecule index 29 as a decoy
smi_30,string,,Sampled molecule index 30 as a decoy
smi_31,string,,Sampled molecule index 31 as a decoy
smi_32,string,,Sampled molecule index 32 as a decoy
smi_33,string,,Sampled molecule index 33 as a decoy
smi_34,string,,Sampled molecule index 34 as a decoy
smi_35,string,,Sampled molecule index 35 as a decoy
smi_36,string,,Sampled molecule index 36 as a decoy
smi_37,string,,Sampled molecule index 37 as a decoy
smi_38,string,,Sampled molecule index 38 as a decoy
smi_39,string,,Sampled molecule index 39 as a decoy
smi_40,string,,Sampled molecule index 40 as a decoy
smi_41,string,,Sampled molecule index 41 as a decoy
smi_42,string,,Sampled molecule index 42 as a decoy
smi_43,string,,Sampled molecule index 43 as a decoy
smi_44,string,,Sampled molecule index 44 as a decoy
smi_45,string,,Sampled molecule index 45 as a decoy
smi_46,string,,Sampled molecule index 46 as a decoy
smi_47,string,,Sampled molecule index 47 as a decoy
smi_48,string,,Sampled molecule index 48 as a decoy
smi_49,string,,Sampled molecule index 49 as a decoy
smi_50,string,,Sampled molecule index 50 as a decoy
smi_51,string,,Sampled molecule index 51 as a decoy
smi_52,string,,Sampled molecule index 52 as a decoy
smi_53,string,,Sampled molecule index 53 as a decoy
smi_54,string,,Sampled molecule index 54 as a decoy
smi_55,string,,Sampled molecule index 55 as a decoy
smi_56,string,,Sampled molecule index 56 as a decoy
smi_57,string,,Sampled molecule index 57 as a decoy
smi_58,string,,Sampled molecule index 58 as a decoy
smi_59,string,,Sampled molecule index 59 as a decoy
smi_60,string,,Sampled molecule index 60 as a decoy
smi_61,string,,Sampled molecule index 61 as a decoy
smi_62,string,,Sampled molecule index 62 as a decoy
smi_63,string,,Sampled molecule index 63 as a decoy
smi_64,string,,Sampled molecule index 64 as a decoy
smi_65,string,,Sampled molecule index 65 as a decoy
smi_66,string,,Sampled molecule index 66 as a decoy
smi_67,string,,Sampled molecule index 67 as a decoy
smi_68,string,,Sampled molecule index 68 as a decoy
smi_69,string,,Sampled molecule index 69 as a decoy
smi_70,string,,Sampled molecule index 70 as a decoy
smi_71,string,,Sampled molecule index 71 as a decoy
smi_72,string,,Sampled molecule index 72 as a decoy
smi_73,string,,Sampled molecule index 73 as a decoy
smi_74,string,,Sampled molecule index 74 as a decoy
smi_75,string,,Sampled molecule index 75 as a decoy
smi_76,string,,Sampled molecule index 76 as a decoy
smi_77,string,,Sampled molecule index 77 as a decoy
smi_78,string,,Sampled molecule index 78 as a decoy
smi_79,string,,Sampled molecule index 79 as a decoy
smi_80,string,,Sampled molecule index 80 as a decoy
smi_81,string,,Sampled molecule index 81 as a decoy
smi_82,string,,Sampled molecule index 82 as a decoy
smi_83,string,,Sampled molecule index 83 as a decoy
smi_84,string,,Sampled molecule index 84 as a decoy
smi_85,string,,Sampled molecule index 85 as a decoy
smi_86,string,,Sampled molecule index 86 as a decoy
smi_87,string,,Sampled molecule index 87 as a decoy
smi_88,string,,Sampled molecule index 88 as a decoy
smi_89,string,,Sampled molecule index 89 as a decoy
smi_90,string,,Sampled molecule index 90 as a decoy
smi_91,string,,Sampled molecule index 91 as a decoy
smi_92,string,,Sampled molecule index 92 as a decoy
smi_93,string,,Sampled molecule index 93 as a decoy
smi_94,string,,Sampled molecule index 94 as a decoy
smi_95,string,,Sampled molecule index 95 as a decoy
smi_96,string,,Sampled molecule index 96 as a decoy
smi_97,string,,Sampled molecule index 97 as a decoy
smi_98,string,,Sampled molecule index 98 as a decoy
smi_99,string,,Sampled molecule index 99 as a decoy
